Codon,alpha,beta,beta-alpha,Prob[alpha<beta],Prob[alpha>beta],BayesFactor,PSRF,Neff
1,4.532199339598522,0.2621817681355515,-4.27001757146297,0.1859297314176004,0.761008086191343,0.2662670278754731,1.01336387259327,139.1233032336374
2,2.174205167588063,0.3521984998874609,-1.822006667700602,0.1703901839074002,0.7837916979124482,0.2394424414265343,1.016037290898181,121.9334341662026
3,0.9710569405459839,0.6308729191058043,-0.3401840214401796,0.5515457533662427,0.3851528190833904,1.433817400578781,1.01317309917985,140.5431748500574
4,0.7418031919209487,0.3506866635481221,-0.3911165283728266,0.363270310857898,0.5630136223300759,0.665128025717136,1.011667574212879,152.887977228296
5,0.8446449168455301,0.2713376110698705,-0.5733073057756596,0.2686864733092674,0.6595597320237876,0.4283242262394653,1.012576978781451,145.1784283314539
6,1.238557095610667,0.3126294873157794,-0.9259276082948873,0.2968401233372074,0.6340406892948356,0.4921516715907747,1.013139284414641,140.7979625650679
7,6.051543462738147,20.63944900697904,14.58790554424089,0.818044079252607,0.1342574390198262,5.24132338711503,1.021214856880913,98.60855195668007
8,0.5040452581322311,0.656576135981478,0.1525308778492469,0.6394783334236006,0.2992516064122726,2.067877971838335,1.013696621827921,136.7160514349658
9,3.560482970433918,0.873897563499297,-2.686585406934621,0.339834653332398,0.5945722501710218,0.6001300604823512,1.008141871242775,192.8555553988513
10,0.4824744242703935,0.3256400260461695,-0.156834398224224,0.3729001629820172,0.5472667816009771,0.6932443324307727,1.009784516059216,171.8646070091118
11,1.019942804960533,0.5896502456506829,-0.4302925593098503,0.5337118647430549,0.4023617719311662,1.334390480490705,1.012979477284703,142.0150375581865
12,1.294735359819936,1.067144995868035,-0.2275903639519012,0.6112861579191212,0.3291109515164231,1.833348375170737,1.013927017085736,135.098836298055
13,2.000903755110548,0.370906584477852,-1.629997170632695,0.3120384642763055,0.6232792629842701,0.5287792651639702,1.01335144761356,139.2148806000435
14,0.9841164073603181,1.341791796838524,0.3576753894782061,0.6725602312557221,0.2719985206158106,2.394584688878953,1.015522470828389,124.8956870975273
15,1.27190968710442,1.07089422583689,-0.2010154612675292,0.617337180143833,0.3234518184270854,1.880773984217463,1.0140501293725,134.2507001526218
16,1.188564092291586,0.365379724107703,-0.8231843681838826,0.3513146841377761,0.5785800112829065,0.6313827001868559,1.012373620125438,146.8324018061639
17,1.193995689664679,0.4043807398766145,-0.7896149497880645,0.369454738492082,0.5611541463506808,0.6830860513758564,1.012323492256209,147.2460678151031
18,1.456335361788735,1.671602316899936,0.2152669551112016,0.6752356348534301,0.2674785622831427,2.423915221813673,1.01833863792555,110.2887238730261
19,1.587130554236935,0.3603557728784251,-1.22677478135851,0.3234541961329406,0.6093980803906893,0.5573731286554497,1.013110835559697,141.0130556741777
20,1.881166376203077,0.3609632515401137,-1.520203124662963,0.3120694607450002,0.6226864311004575,0.5288556195369118,1.013401262410053,138.8484700206842
21,7.106652591209854,0.5326128316729423,-6.574039759536912,0.1398612853140882,0.8243932470006495,0.189565570350412,1.01074955469694,161.5729201813703
22,8.810121570985604,2.581594221975118,-6.228527349010486,0.2855451984991381,0.6653708400920679,0.4659405897080342,1.005248612686465,246.1719693905565
23,3.294531062050898,2.31165502250948,-0.9828760395414178,0.6111423003771609,0.3326597629497766,1.832238836689643,1.017323862110148,115.1276491570825
24,6.049609333364076,19.16052644531998,13.1109171119559,0.788715441101281,0.1623550381621317,4.35194127805445,1.022676309333238,93.60355374908848
25,6.09110390779002,6.518180730969114,0.4270768231790942,0.6283154339216577,0.3222830947232066,1.970759562739832,1.031911966359703,71.13906283268439
26,7.460067645536469,23.56395311168014,16.10388546614367,0.7796905724025693,0.1650988116834283,4.125908983697727,1.018815104199521,108.1589209203708
27,12.88419342052115,13.6772871943402,0.7930937738190416,0.502607227066815,0.4546859952840535,1.178039087961857,1.012416568207329,146.4798777694423
28,6.281525180528053,13.83859979706269,7.55707461653464,0.6556479627720926,0.2848023339293832,2.219721567948577,1.030545908847731,73.72626057240377
29,1.563679956653171,2.422218290959139,0.8585383343059687,0.7111575312494025,0.2349708441478393,2.870352323537434,1.021765155610825,96.65982066185531
30,1.000376903937869,0.6985860337937946,-0.3017908701440746,0.5542558462594477,0.3826699888113995,1.449622994618567,1.01308585863458,141.2024560829626
31,9.118643680657566,5.529029751775402,-3.589613928882164,0.4069613741561171,0.540338565915612,0.8000196472589269,1.01843688757753,109.8424637615294
32,6.572202331834694,7.174615255195002,0.6024129233603084,0.5120899097964818,0.4293801660895503,1.223592655272534,1.026834950031932,81.87527375487825
33,6.139119482958179,13.87081114980009,7.731691666841908,0.7136465920316331,0.2364519873715515,2.905435793421408,1.030679997493093,73.4635397707068
34,2.570916343088256,0.3712269115266512,-2.199689431561605,0.2880442619339513,0.65048427668588,0.4716682858293392,1.013714687993158,136.5878015517813
35,4.88345028053551,10.01838841805485,5.134938137519335,0.7208538474792882,0.227602320826876,3.010551195304223,1.037712842671746,61.99616802424819
36,7.756926419756576,25.2142068983315,17.45728047857493,0.7736232115764194,0.1679515958635734,3.9840799025767,1.018091594864274,111.4275910897991
37,6.591542747937352,22.82451855278768,16.23297580485033,0.7878716193887699,0.1528701380345769,4.329992284909174,1.021443712197556,97.78827555393899
38,4.420466148400566,15.48635225535483,11.06588610695426,0.8376390856431524,0.118408188419617,6.014588063566737,1.028776371277602,77.38871730476514
39,13.93574101215181,5.498193974875123,-8.437547037276683,0.2174543286111625,0.7477388496376236,0.3239580722815476,1.00398589722582,280.1883231669447
40,13.11180583141071,0.4242435667208055,-12.68756226468991,0.06873033245104586,0.9118464936789191,0.08604059981237823,1.004130609866061,275.8132027600846
41,1.414385188634065,3.951955977534256,2.537570788900191,0.7906613127175771,0.1630742675570767,4.403230648709641,1.027606010164811,80.02942958115324
42,7.273548979996695,12.00620873619278,4.732659756196083,0.5835604889702207,0.3597759771145782,1.633670226321677,1.02833735168822,78.35755884973248
43,13.61325097954492,4.427037595261555,-9.186213384283359,0.2005136769716779,0.7639429292449201,0.2923905989493113,1.005437541155791,241.7894319026633
44,1.181748375875059,2.435403870224646,1.253655494349587,0.7511667558384821,0.1979024861156363,3.519317102233336,1.021892073950011,96.22168929032429
45,7.88746716066468,12.17528095202663,4.287813791361946,0.6404070517088964,0.3123235022751378,2.076229614465276,1.023499819445102,91.00935304352879
46,6.999781388872942,21.4336373233131,14.43385593444016,0.7746041844697458,0.1732476234492279,4.006493403941202,1.020679822530871,100.5832798460671
47,7.244100991921418,20.79111446575986,13.54701347383845,0.7636802965178394,0.185492723182214,3.767403136864584,1.020339828750681,101.8814618109916
48,9.032250575976127,9.24609943018055,0.2138488542044232,0.4498074065333116,0.5008451823372575,0.9531084172042213,1.018159618572004,111.1115791677196
49,5.22552483106279,10.90461801883994,5.679093187777154,0.6981592893485201,0.2499461731041,2.696541749248957,1.0350160640272,65.91688942078483
50,3.223983309832972,9.546590916584821,6.322607606751848,0.7772677320735124,0.1745373131196158,4.068346567512823,1.038191051151709,61.35203644573277
51,7.276173256726722,21.10065290827303,13.82447965154631,0.7669325763137806,0.1826742763178507,3.836242498613018,1.01973309029952,104.286788992833
52,2.97435582577283,3.144871965436644,0.1705161396638135,0.6256454882517419,0.3175243848751504,1.948389084573769,1.019782157595885,104.0878930401518
53,16.23723175643509,4.452542664022168,-11.78468909241292,0.2024690639115259,0.7546199878969708,0.2959658338056569,1.010274551022506,166.476220468243
54,1.7664526473673,1.108467403057862,-0.6579852443094381,0.6318211124726002,0.309100243120536,2.000625017013677,1.013686242324399,136.7898465830372
55,1.525526344429821,2.358790631093967,0.8332642866641466,0.7250156867945121,0.2210181769555953,3.073759797282932,1.025743997477373,84.64505867667326
56,1.238557095610667,0.3126294873157794,-0.9259276082948873,0.2968401233372074,0.6340406892948356,0.4921516715907747,1.013139284414641,140.7979625650679
57,9.917915446069438,0.7328115553134023,-9.185103890756036,0.1916944026587643,0.7659623831950724,0.2764803612274527,0.9997702704462663,523.8356377128381
58,4.91744677453807,0.5251254123929214,-4.392321362145148,0.356356867007211,0.590169840731354,0.6454616359646801,1.007237836148778,206.8096942299551
59,3.026680127325915,0.7754461514799087,-2.251233975846006,0.5127763000049013,0.4284846394033709,1.226958804125954,1.007028561460863,210.3386080282353
60,10.48971622073297,1.366040779494538,-9.123675441238433,0.2614669758036581,0.6895407076934658,0.4127407663759606,1.003504607366232,295.8087343006019
61,0.6855048025206282,0.9373097817257705,0.2518049792051423,0.7202763282972505,0.2244011655345183,3.00192863997999,1.014965556870319,128.2720691550674
62,0.6534400322325536,0.8409718987626921,0.1875318665301384,0.68908206342175,0.2523477523420157,2.583780469572307,1.013433636781764,138.6114028270752
63,0.740345619226194,0.6792957608474666,-0.06104985837872745,0.6027177451371235,0.335034139135149,1.768663663061705,1.013561799925312,137.6810171005989
64,1.910744118186176,0.3098059597429118,-1.600938158443264,0.2696087758136866,0.6659477743024491,0.430337230423447,1.013847511804963,135.6524430613106
65,0.5358048510088057,0.3120347391703727,-0.223770111838433,0.3327458733786329,0.59145016327227,0.581368975708513,1.011573430550731,153.7343813070387
66,0.6583380509431581,0.5995997851818886,-0.0587382657612695,0.5745227545469584,0.3614354270024178,1.574205181450749,1.013425787541898,138.6688038479192
67,9.888679748712963,0.3256772822266743,-9.563002466486289,0.08156274581927173,0.894245039142769,0.1035315673678539,1.008901149480472,182.5368892035569
68,12.19840726664011,0.3533739539488343,-11.84503331269127,0.05573743845528072,0.925548678086195,0.06881524767470332,1.006151018082593,226.5769266618576
69,0.4529412288530971,0.6026195700374805,0.1496783411843834,0.6218777544091455,0.31523290157344,1.917358114070684,1.013487252923371,138.2206140237719
70,1.332123855041258,0.3163813512765555,-1.015742503764703,0.2967760659869428,0.6346801754555903,0.4920006456019697,1.013191790979918,140.40274200533
71,4.740566428077654,0.9932621694506792,-3.747304258626975,0.3303751019073531,0.6071842735379467,0.5751831557809379,1.006940597490723,211.8587951307989
72,1.275557135133537,0.5945216759277312,-0.6810354592058057,0.5157285412365583,0.4208453661055451,1.24154577125554,1.012538503914945,145.4884152855635
73,0.7130816858282335,1.035420601431481,0.3223389156032478,0.7279620010534971,0.2162060791656503,3.119676640080872,1.01661042075622,118.8016121720871
74,1.910744118186176,0.3098059597429118,-1.600938158443264,0.2696087758136866,0.6659477743024491,0.430337230423447,1.013847511804963,135.6524430613106
75,0.5608730752988639,0.6567965258510158,0.0959234505521519,0.6084830464291227,0.3288255130078303,1.811875498230997,1.013926364598281,135.1033607444379
76,3.565784838699773,0.381126630233288,-3.184658208466486,0.1610939123566466,0.7970462766203681,0.22387016817759,1.015273587787439,126.3816674855714
77,0.5743926972543123,0.7483087908039512,0.1739160935496389,0.6652383568864809,0.2760747409328916,2.316711923117499,1.013918384860005,135.1587186857361
78,0.560579345876177,0.326049268450492,-0.2345300774256849,0.3684224831406517,0.5525511645202867,0.6800641891653523,1.009992628661182,169.5332195308287
79,9.903855308107916,0.3235002070162528,-9.580355101091664,0.07974680309760444,0.8964337673248352,0.1010267517527918,1.009075959822463,180.3187180590655
80,9.286609649735302,0.5645515356683508,-8.722058114066952,0.1171553553219152,0.8524185079373566,0.1547064074081339,1.007841866752678,197.2686381736329
81,2.570916343088256,0.3712269115266512,-2.199689431561605,0.2880442619339513,0.65048427668588,0.4716682858293392,1.013714687993158,136.5878015517813
82,17.02548919724076,2.377191072137138,-14.64829812510362,0.1079979383797542,0.874612130431203,0.1411497292543106,1.000348389788923,467.7508492052774
83,4.115993604949198,10.71140318739073,6.59540958244153,0.7928464396961834,0.167631004035701,4.461974879741556,1.030869404999307,73.09577910524122
84,5.060106219110377,0.4787492832652964,-4.581356935845081,0.1545189553970724,0.8053973307028199,0.2130631436923738,1.01337452602201,139.0448815109765
85,9.6683578055714,0.4211903750869007,-9.247167430484499,0.09884502117743964,0.8747193356540528,0.1278750318072845,1.00815288277089,192.6974019316841
86,4.85933492966855,4.473942193118954,-0.3853927365495959,0.4602962113648547,0.4866356551316937,0.994288407541881,1.01574903946481,123.5739188832577
87,4.859334929668565,4.473942193118953,-0.3853927365496119,0.4602962113648544,0.4866356551316938,0.9942884075418802,1.015749039464811,123.5739188832574
88,4.859334929668571,4.473942193118948,-0.3853927365496235,0.4602962113648544,0.4866356551316939,0.99428840754188,1.015749039464811,123.5739188832567
89,4.859334929668554,4.473942193118953,-0.3853927365496013,0.4602962113648547,0.4866356551316937,0.994288407541881,1.015749039464811,123.5739188832565
90,4.859334929668557,4.473942193118953,-0.3853927365496039,0.4602962113648544,0.4866356551316938,0.9942884075418802,1.01574903946481,123.5739188832583
91,4.859334929668554,4.473942193118956,-0.3853927365495986,0.4602962113648547,0.4866356551316937,0.994288407541881,1.015749039464811,123.573918883257
92,4.859334929668567,4.473942193118946,-0.3853927365496208,0.4602962113648544,0.486635655131694,0.99428840754188,1.015749039464811,123.5739188832564
93,17.89936959293318,0.6797599393276372,-17.21960965360554,0.1079773450240714,0.8780646735794999,0.1411195564399704,1.001453225563215,388.4663861084636
94,0.9040947166003983,0.3503134694954471,-0.5537812471049512,0.3472231392371431,0.5807991498331663,0.6201180179448873,1.012223816009008,148.0757671886837
95,0.7803706653576813,0.9596485018437745,0.1792778364860932,0.6681771802310349,0.2743454345925866,2.347555304431923,1.015647740231916,124.1613001941377
96,7.106652591209854,0.5326128316729423,-6.574039759536912,0.1398612853140882,0.8243932470006495,0.189565570350412,1.01074955469694,161.5729201813703
97,1.238557095610667,0.3126294873157794,-0.9259276082948873,0.2968401233372074,0.6340406892948356,0.4921516715907747,1.013139284414641,140.7979625650679
98,0.7248372162642586,0.3340926351854206,-0.3907445810788379,0.3494633658063929,0.5761201302174876,0.6262681703263893,1.011615533629676,153.3546663649203
99,1.265510470833521,0.6102872497766126,-0.6552232210569083,0.5314269049079003,0.4054372812884616,1.322198414639668,1.01252936774885,145.5622239768038
100,1.330644494075963,0.3036916799069507,-1.026952814169013,0.2864933955661919,0.6447118818202391,0.4681090740640702,1.013108983356374,141.0270830360807
101,1.193888753784371,0.4007233530492682,-0.7931654007351028,0.3713675310237596,0.5592919395342661,0.68871186363255,1.01233456124839,147.1545184144929
102,1.188564092291586,0.365379724107703,-0.8231843681838826,0.3513146841377761,0.5785800112829065,0.6313827001868559,1.012373620125438,146.8324018061639
103,6.116436021607358,0.4893118236281913,-5.627124197979167,0.1468872645276239,0.8150344363544624,0.200728093746587,1.01204407602309,149.5964237003923
104,7.415778003429288,21.35075439245184,13.93497638902255,0.7583655525052502,0.1886067195862344,3.658897072055362,1.0212867821599,98.34921466822334
105,3.017351632199338,0.6540035795766506,-2.363348052622687,0.3381078736270033,0.6020740341666145,0.5955229625964943,1.012727278454686,143.9803705487277
106,2.738861920529159,3.428392080772036,0.6895301602428772,0.6239342310362035,0.3213112176560734,1.934218138049222,1.018741111262118,108.4840643160021
107,2.786961203382328,3.192702964454869,0.4057417610725413,0.6170352129104324,0.3280916271568749,1.878371751089893,1.017956330626441,112.0615388929214
108,2.401603865626728,0.7989934944893322,-1.602610371137396,0.3833298377729018,0.5543872773833375,0.7246864354211159,1.012372253957015,146.8436440992793
109,3.017351632199338,0.6540035795766506,-2.363348052622687,0.3381078736270033,0.6020740341666145,0.5955229625964943,1.012727278454686,143.9803705487277
110,2.401603865626728,0.7989934944893322,-1.602610371137396,0.3833298377729018,0.5543872773833375,0.7246864354211159,1.012372253957015,146.8436440992793
111,9.519718296805728,12.09061739093693,2.570899094131203,0.490719473645341,0.4598528544626871,1.123328209272197,1.015964588751153,122.3429416270657
112,2.482661415997087,0.7236622428851665,-1.75899917311192,0.3804878822676845,0.5573299212247946,0.7160139221020907,1.012157625742672,148.6320539585961
113,4.95560199993724,3.752654193853167,-1.202947806084074,0.5128834871202652,0.4332318583984492,1.227485320362239,1.014113661633629,133.8172898800371
114,1.388709170924577,0.6736393494404272,-0.7150698214841501,0.5220259984019519,0.4151971450815741,1.273263531786531,1.012470644098635,146.0384784945974
115,6.311152810785917,5.434443157359351,-0.8767096534265653,0.5702269355102206,0.3787787763544207,1.546817145541832,1.021524672993787,97.50147961268031
116,2.651859818263761,0.9598419640237491,-1.692017854240012,0.4997106941723699,0.4406894153092337,1.164468826446127,1.010390858225886,165.2476612443912
117,6.990382154770084,21.56715687501704,14.57677472024695,0.7626466459212582,0.1823369822934937,3.745919445935966,1.021629908641169,97.13129805917127
118,5.93152928753454,0.4997635986364995,-5.43176568889804,0.1734440574857517,0.784501784881978,0.244634449538579,1.011461023198916,154.7576582972326
119,1.039205293466202,0.8745450010095798,-0.1646602924566222,0.6050611013317985,0.334237605349033,1.786075302763983,1.01447521954828,131.4045877408813
120,4.54359722601732,0.3078369966699142,-4.235760229347405,0.2145303897723276,0.7322365713494559,0.3184123304762207,1.013493693688633,138.1738219564166
121,1.345960726671382,0.3508020631201826,-0.995158663551199,0.3124619563739345,0.6202091739982268,0.5298230593221877,1.013551459837578,137.7556033367868
122,5.404879332190459,3.769850857097409,-1.63502847509305,0.4405997988815932,0.4910761732581115,0.9182313555010612,1.016800551741589,117.7990147500223
123,14.62287377578622,9.331269902580726,-5.291603873205492,0.3011172535777323,0.6547889655689252,0.5022983645106408,1.011523279464707,154.1892023505202
124,4.982588367326297,6.309983116442099,1.327394749115802,0.5357145137942425,0.3927586232405658,1.345174876302998,1.026163366127198,83.55739550038305
125,3.1005258091284,0.6107867330313161,-2.489739076097084,0.4441436285851427,0.497036230412032,0.9315180845956851,1.009086061687479,180.1922166143788
126,4.325272424425799,1.550025654380188,-2.775246770045611,0.5632586382326095,0.3816386488659187,1.503536513385549,1.011438726737306,154.9622915547054
127,1.383840302672862,0.6214169410749489,-0.7624233615979129,0.5243615140566277,0.4127531386928712,1.285240088142264,1.012362920945255,146.9204933848306
128,5.253800095270387,3.691825128732951,-1.561974966537436,0.5252930530741879,0.4156017101895391,1.290049909176022,1.023288159767396,91.66170005115288
129,0.8108219085313916,1.267037178515572,0.4562152699841803,0.7175327878575357,0.2271763851089922,2.96144826333752,1.015585018224513,124.5278887678797
130,3.681686916012298,5.9483620888903,2.266675172878002,0.6323318197126836,0.3070830584727039,2.005023344174732,1.027036101991834,81.38517006912586
131,2.410280592821198,1.83253305406527,-0.5777475387559272,0.5142543376528261,0.4089204976576609,1.234239595757973,1.01628642558639,120.5513464663691
132,1.26495337336576,0.5902139907185913,-0.674739382647169,0.5224832513500191,0.41409384546834,1.275599108158898,1.012540070457874,145.4757673132264
133,12.06209587722075,1.771355403871862,-10.29074047334888,0.2423797025851287,0.7137803475907233,0.3729710209256111,1.004274954942885,271.5850198355271
134,14.6254301489119,0.3387719144026113,-14.28665823450929,0.03150541868150776,0.9564672634529778,0.03792438114601569,1.002827045291134,321.0499196390637
135,6.04796686750255,18.35662775799867,12.30866089049612,0.787229002801935,0.1639508896283877,4.313393696041272,1.024818989573928,87.15227489943214
136,4.774664762643563,8.108378479571313,3.33371371692775,0.6991072854845309,0.2546362660417024,2.70871054278382,1.034445099162459,66.8157625873732
137,5.693919929217271,9.103409448108112,3.40948951889084,0.6714541981132671,0.2812184670496403,2.382598772700844,1.033120539576847,69.00471753668245
138,1.268350858262783,1.041708708166418,-0.2266421500963649,0.6110968950603778,0.3293915744385061,1.831888806873986,1.013855820374894,135.5943709670533
139,7.263349278595155,7.794840969819657,0.5314916912245025,0.586125605481121,0.3636204469060562,1.651020928380835,1.028565057753633,77.85188701676114
140,6.079078964081143,17.15071525804797,11.07163629396682,0.7480028561916114,0.1948898696840799,3.46049383779252,1.02913741933757,76.61061752159505
141,10.88738538594735,15.85217231441453,4.964786928467177,0.5272969900630191,0.4198660057342901,1.300461103414814,1.01764284575433,113.5598652966107
142,4.915773365844418,7.949422905648596,3.033649539804178,0.5720075397940014,0.3596270626458027,1.558102690752717,1.029295333393033,76.27544406197563
143,10.80371176063142,6.865953685226211,-3.937758075405206,0.3877971261612322,0.5634233290330002,0.7384815760644525,1.016433296400416,119.7516196877032
144,1.238557095610667,0.3126294873157794,-0.9259276082948873,0.2968401233372074,0.6340406892948356,0.4921516715907747,1.013139284414641,140.7979625650679
145,12.48467308947759,1.280090918482439,-11.20458217099515,0.1243565882657716,0.8410834816359001,0.1655663050197316,0.9995487084298689,549.0983152726654
146,10.02011041587879,20.10558957561762,10.08547915973884,0.6588352695141753,0.2866272416197104,2.251350717856563,1.017808530039738,112.7628344059087
147,3.612757195713604,0.3340902880079633,-3.278666907705641,0.1434397788692426,0.8162011319222519,0.1952280191020727,1.015322070732636,126.0893422771271
148,11.06690172400064,5.380545597601088,-5.686356126399552,0.3862295307332705,0.5617077257961151,0.7336179175194083,1.020911681369747,99.71751582151077
149,6.464656577718475,0.6159818594561564,-5.848674718262318,0.2163597569915547,0.7348702599720084,0.3218771866963593,1.002601188136782,330.46213668546
150,2.112676231802694,2.884852967133086,0.7721767353303925,0.680004988966684,0.2651977704244549,2.47741825872495,1.021452631816939,97.75659262341091
151,4.859334929668565,4.473942193118953,-0.3853927365496119,0.4602962113648544,0.4866356551316938,0.9942884075418802,1.015749039464811,123.5739188832536
152,4.859334929668571,4.473942193118951,-0.3853927365496199,0.4602962113648544,0.4866356551316939,0.99428840754188,1.015749039464811,123.5739188832552
153,4.859334929668568,4.473942193118948,-0.3853927365496199,0.4602962113648544,0.4866356551316939,0.9942884075418802,1.015749039464811,123.5739188832558
154,4.859334929668563,4.473942193118946,-0.3853927365496173,0.4602962113648544,0.4866356551316939,0.99428840754188,1.015749039464811,123.5739188832554
155,4.859334929668561,4.47394219311895,-0.385392736549611,0.4602962113648544,0.4866356551316938,0.9942884075418802,1.01574903946481,123.5739188832574
156,4.859334929668571,4.473942193118951,-0.3853927365496199,0.4602962113648544,0.4866356551316939,0.99428840754188,1.015749039464811,123.5739188832552
157,4.85933492966855,4.473942193118954,-0.3853927365495959,0.4602962113648547,0.4866356551316937,0.994288407541881,1.01574903946481,123.5739188832577
158,8.214153778964207,7.445217224397895,-0.7689365545663112,0.4173948266410613,0.5265962655908364,0.8352243893880354,1.017945819816349,112.111113114744
159,2.857160404904944,4.25090403962182,1.393743634716876,0.6447599122502957,0.3017329006069853,2.115955360381534,1.02149275697093,97.61432985825331
160,6.981599614460473,19.75357965241818,12.77198003795771,0.7558573905421572,0.1925659141632926,3.609331104282779,1.022710086761508,93.49411722590798
161,5.249083612937739,9.812719909819378,4.56363629688164,0.6746564823888239,0.2728135310344582,2.417525045762908,1.033917906733297,67.66914507990403
162,3.519023072752691,0.7863676920182849,-2.732655380734406,0.3253364086796938,0.6170839827249037,0.5621805770163436,1.012740565942664,143.8754303405247
163,10.33827310649755,1.616210684965734,-8.722062421531813,0.1571444437944901,0.8101589947178729,0.2173583449334904,1.00623290764003,224.9544018130236
164,4.859334929668565,4.473942193118953,-0.3853927365496119,0.4602962113648544,0.4866356551316938,0.9942884075418802,1.015749039464811,123.5739188832536
165,4.859334929668571,4.473942193118951,-0.3853927365496199,0.4602962113648544,0.4866356551316939,0.99428840754188,1.015749039464811,123.5739188832552
166,4.859334929668568,4.473942193118948,-0.3853927365496199,0.4602962113648544,0.4866356551316939,0.9942884075418802,1.015749039464811,123.5739188832558
167,4.859334929668563,4.473942193118946,-0.3853927365496173,0.4602962113648544,0.4866356551316939,0.99428840754188,1.015749039464811,123.5739188832554
168,4.859334929668561,4.47394219311895,-0.385392736549611,0.4602962113648544,0.4866356551316938,0.9942884075418802,1.01574903946481,123.5739188832574
169,4.859334929668571,4.473942193118951,-0.3853927365496199,0.4602962113648544,0.4866356551316939,0.99428840754188,1.015749039464811,123.5739188832552
170,4.85933492966855,4.473942193118954,-0.3853927365495959,0.4602962113648547,0.4866356551316937,0.994288407541881,1.01574903946481,123.5739188832577
171,4.859334929668565,4.473942193118955,-0.3853927365496101,0.4602962113648545,0.4866356551316938,0.9942884075418806,1.01574903946481,123.5739188832584
172,4.859334929668571,4.473942193118948,-0.3853927365496235,0.4602962113648544,0.4866356551316939,0.99428840754188,1.015749039464811,123.5739188832567
173,4.859334929668568,4.473942193118948,-0.3853927365496199,0.4602962113648544,0.4866356551316939,0.9942884075418802,1.015749039464811,123.5739188832558
174,4.859334929668565,4.473942193118953,-0.3853927365496119,0.4602962113648544,0.4866356551316938,0.9942884075418802,1.015749039464811,123.5739188832536
175,4.859334929668571,4.473942193118951,-0.3853927365496199,0.4602962113648544,0.4866356551316939,0.99428840754188,1.015749039464811,123.5739188832552
176,2.482661415997087,0.7236622428851665,-1.75899917311192,0.3804878822676845,0.5573299212247946,0.7160139221020907,1.012157625742672,148.6320539585961
177,2.857160404904944,4.25090403962182,1.393743634716876,0.6447599122502957,0.3017329006069853,2.115955360381534,1.02149275697093,97.61432985825331
178,2.869033014829654,3.154259381483124,0.28522636665347,0.5902732219207797,0.353318795722357,1.679535452146815,1.017549020754583,114.0164064051711
179,5.878469486276211,20.82764026994911,14.9491707836729,0.8193140098360233,0.1319613765543596,5.286355233369026,1.021047487075549,99.21757099984399
180,11.09832328133068,1.541790000415442,-9.556533280915241,0.1472996496714941,0.8238539672334575,0.2013889858872419,1.005748536113673,234.9104920923974
181,10.40465949429463,1.217614724028257,-9.187044770266377,0.1333750307360328,0.8366562288430328,0.1794212083338696,1.006116303949784,227.2719445452735
182,9.017376560121225,10.01092568550437,0.9935491253831437,0.4633084466967953,0.4866670790636989,1.006412217321292,1.01677909610713,117.9112786127116
183,3.507678359789094,9.266049616112612,5.758371256323517,0.7560145183253082,0.19460220001267,3.612406321936612,1.037735964219357,61.96469234286116
184,4.863479862456811,3.34457321618393,-1.51890664627288,0.5024766526679512,0.4434095175322542,1.17742394573414,1.012740386118118,143.8768494869594
185,3.636694251184268,10.90404385235739,7.267349601173123,0.7804968530798588,0.1717021316808396,4.145346593575666,1.037530269845339,62.24590913336667
186,2.857160404904945,4.250904039621821,1.393743634716876,0.6447599122502957,0.3017329006069853,2.115955360381534,1.02149275697093,97.61432985825546
187,6.954129470955166,19.19930285982521,12.24517338887004,0.7237560400997938,0.2188932519937167,3.054427721752695,1.024805329593601,87.19046582434629
188,11.90745017439691,1.138381583185226,-10.76906859121168,0.1276971945990522,0.8459771272896726,0.1706650253241546,1.004708355791331,259.6442979150852
189,8.950727265206959,9.361920004327697,0.4111927391207377,0.4340856261640542,0.5113923253795528,0.8942421221641561,1.017506337789315,114.2253557152221
190,4.859334929668563,4.473942193118946,-0.3853927365496173,0.4602962113648544,0.4866356551316939,0.99428840754188,1.015749039464811,123.5739188832554
191,4.859334929668561,4.47394219311895,-0.385392736549611,0.4602962113648544,0.4866356551316938,0.9942884075418802,1.01574903946481,123.5739188832574
192,4.859334929668571,4.473942193118951,-0.3853927365496199,0.4602962113648544,0.4866356551316939,0.99428840754188,1.015749039464811,123.5739188832552
193,4.85933492966855,4.473942193118954,-0.3853927365495959,0.4602962113648547,0.4866356551316937,0.994288407541881,1.01574903946481,123.5739188832577
194,4.859334929668565,4.473942193118955,-0.3853927365496101,0.4602962113648545,0.4866356551316938,0.9942884075418806,1.01574903946481,123.5739188832584
195,4.859334929668561,4.47394219311895,-0.385392736549611,0.4602962113648544,0.4866356551316938,0.9942884075418802,1.01574903946481,123.5739188832574
196,4.859334929668568,4.473942193118948,-0.3853927365496199,0.4602962113648544,0.4866356551316939,0.9942884075418802,1.015749039464811,123.5739188832558
197,4.859334929668565,4.473942193118953,-0.3853927365496119,0.4602962113648544,0.4866356551316938,0.9942884075418802,1.015749039464811,123.5739188832536
198,4.859334929668571,4.473942193118951,-0.3853927365496199,0.4602962113648544,0.4866356551316939,0.99428840754188,1.015749039464811,123.5739188832552
199,4.859334929668568,4.473942193118948,-0.3853927365496199,0.4602962113648544,0.4866356551316939,0.9942884075418802,1.015749039464811,123.5739188832558
200,4.859334929668563,4.473942193118946,-0.3853927365496173,0.4602962113648544,0.4866356551316939,0.99428840754188,1.015749039464811,123.5739188832554
201,4.859334929668561,4.47394219311895,-0.385392736549611,0.4602962113648544,0.4866356551316938,0.9942884075418802,1.01574903946481,123.5739188832574
202,4.859334929668571,4.473942193118951,-0.3853927365496199,0.4602962113648544,0.4866356551316939,0.99428840754188,1.015749039464811,123.5739188832552
203,4.859334929668554,4.473942193118956,-0.3853927365495986,0.4602962113648547,0.4866356551316937,0.994288407541881,1.015749039464811,123.573918883257
204,4.859334929668565,4.473942193118955,-0.3853927365496101,0.4602962113648545,0.4866356551316938,0.9942884075418806,1.01574903946481,123.5739188832584
205,4.859334929668563,4.473942193118946,-0.3853927365496173,0.4602962113648544,0.4866356551316939,0.99428840754188,1.015749039464811,123.5739188832554
206,4.859334929668563,4.473942193118946,-0.3853927365496173,0.4602962113648544,0.4866356551316939,0.99428840754188,1.015749039464811,123.5739188832554
207,4.859334929668551,4.473942193118953,-0.3853927365495977,0.4602962113648545,0.4866356551316937,0.9942884075418806,1.015749039464811,123.573918883256
208,4.859334929668571,4.473942193118948,-0.3853927365496235,0.4602962113648544,0.4866356551316939,0.99428840754188,1.015749039464811,123.5739188832567
209,4.859334929668568,4.473942193118948,-0.3853927365496199,0.4602962113648544,0.4866356551316939,0.9942884075418802,1.015749039464811,123.5739188832558
210,4.859334929668565,4.473942193118953,-0.3853927365496119,0.4602962113648544,0.4866356551316938,0.9942884075418802,1.015749039464811,123.5739188832536
211,4.859334929668571,4.473942193118951,-0.3853927365496199,0.4602962113648544,0.4866356551316939,0.99428840754188,1.015749039464811,123.5739188832552
212,4.859334929668568,4.473942193118948,-0.3853927365496199,0.4602962113648544,0.4866356551316939,0.9942884075418802,1.015749039464811,123.5739188832558
213,4.859334929668563,4.473942193118946,-0.3853927365496173,0.4602962113648544,0.4866356551316939,0.99428840754188,1.015749039464811,123.5739188832554
214,4.859334929668561,4.47394219311895,-0.385392736549611,0.4602962113648544,0.4866356551316938,0.9942884075418802,1.01574903946481,123.5739188832574
215,4.859334929668571,4.473942193118951,-0.3853927365496199,0.4602962113648544,0.4866356551316939,0.99428840754188,1.015749039464811,123.5739188832552
216,4.85933492966855,4.473942193118954,-0.3853927365495959,0.4602962113648547,0.4866356551316937,0.994288407541881,1.01574903946481,123.5739188832577
217,4.859334929668565,4.473942193118955,-0.3853927365496101,0.4602962113648545,0.4866356551316938,0.9942884075418806,1.01574903946481,123.5739188832584
218,4.859334929668571,4.473942193118948,-0.3853927365496235,0.4602962113648544,0.4866356551316939,0.99428840754188,1.015749039464811,123.5739188832567
219,4.859334929668568,4.473942193118948,-0.3853927365496199,0.4602962113648544,0.4866356551316939,0.9942884075418802,1.015749039464811,123.5739188832558
220,4.859334929668565,4.473942193118953,-0.3853927365496119,0.4602962113648544,0.4866356551316938,0.9942884075418802,1.015749039464811,123.5739188832536
221,4.859334929668571,4.473942193118951,-0.3853927365496199,0.4602962113648544,0.4866356551316939,0.99428840754188,1.015749039464811,123.5739188832552
222,4.859334929668568,4.473942193118948,-0.3853927365496199,0.4602962113648544,0.4866356551316939,0.9942884075418802,1.015749039464811,123.5739188832558
223,4.859334929668565,4.473942193118946,-0.385392736549619,0.4602962113648544,0.4866356551316938,0.99428840754188,1.015749039464811,123.5739188832562
224,4.859334929668561,4.47394219311895,-0.385392736549611,0.4602962113648544,0.4866356551316938,0.9942884075418802,1.01574903946481,123.5739188832574
225,4.859334929668566,4.473942193118952,-0.3853927365496137,0.4602962113648544,0.4866356551316938,0.9942884075418802,1.015749039464811,123.5739188832557
226,11.12846380404723,1.350022403562482,-9.778441400484747,0.1391383897793104,0.832835481154078,0.1884274081766794,1.005589738851545,238.3725270554717
227,9.548784780575543,0.420862901045894,-9.12792187952965,0.1076396545274971,0.8630806739132101,0.1406249803306468,1.00747607245276,202.936370860859
228,1.945138213047345,7.020129319333369,5.074991106286024,0.8142653942399243,0.1428692247261549,5.11097306360148,1.033301174527576,68.69728597136505
229,1.188741471578596,0.4156395004314867,-0.7731019711471088,0.3744843563905965,0.5568687639610082,0.6979526286786913,1.012601821170558,144.9789959873463
230,13.19029411144865,0.4348696910034239,-12.75542442044523,0.07182699519088835,0.9081707925902869,0.09021717169203244,1.003683870751098,289.7886215035052
231,2.675686572843412,1.145747598643196,-1.529938974200217,0.5172526292141255,0.4239869969687591,1.249146087940308,1.011058867567507,158.5358197225748
232,4.654237052820721,0.7450622191996157,-3.909174833621106,0.297497453685805,0.6414573260220251,0.4937030299934305,1.006268474004331,224.2570423957937
233,5.258537972734195,2.522460671333741,-2.736077301400454,0.4823326925490397,0.4502851299418246,1.086241530610351,1.016535625941849,119.2008693111744
234,9.42868168916082,16.24399190448542,6.815310215324603,0.5687423120688222,0.362790635678411,1.53747878338317,1.02379053477071,90.1289829236368
235,6.429957771985434,0.7983562918413982,-5.631601480144035,0.2713442102897655,0.6724106319657307,0.4341387803353924,1.004204731486207,273.6254765611024
236,5.033263024281593,16.32549048638639,11.2922274621048,0.7823764876040707,0.1625638308657627,4.191219609039665,1.028305063095845,78.42982252585688
237,0.7595955975689106,0.6066496298659226,-0.152945967702988,0.574083023345184,0.3621452099234061,1.571376289009615,1.013301412407188,139.5849191151727
238,0.6271822558947078,0.995444754235973,0.3682624983412652,0.7104373383976496,0.2331942336744858,2.860313665955285,1.014903806183278,128.6580731902814
239,1.910225452508507,0.2919435543018186,-1.618281898206688,0.2557132925665141,0.6796699028210906,0.400537777699262,1.01371737618082,136.5687395265329
240,0.8163301234806548,1.318033679169113,0.5017035556884581,0.7307222322670973,0.2153712148136651,3.163605085582309,1.016363181596551,120.1320309922903
241,0.8377866481348837,0.5942185201424106,-0.2435681279924731,0.5510923075929346,0.3850254824742248,1.431191485892416,1.013256412308803,139.919451548457
242,5.276846323458352,0.8087879936573075,-4.468058329801045,0.2908366800585361,0.6498577054675077,0.4781160869224511,1.005130502797115,248.9946790736424
243,2.030298617178801,1.489862538520051,-0.5404360786587499,0.6638269019171329,0.2787022086014037,2.302090191027185,1.021377141190549,98.02541561790945
244,12.5836679676301,1.030539847253566,-11.55312812037653,0.1172214470757678,0.846919004558686,0.1548052722005457,0.9999032337541641,509.7684366763761
245,0.7216015398323641,0.3497006836534514,-0.3719008561789127,0.3627273221217479,0.5634650084062273,0.663567967291165,1.011675583775862,152.8164076135876
246,2.595305981921976,0.7130657200126084,-1.882240261909367,0.318654604697224,0.6148726527255495,0.5452344844457346,1.00820706353851,191.9230664236165
247,0.5549262746122358,0.3532782766139356,-0.2016479979983002,0.3934598216846338,0.5291241309421021,0.7562602233773572,1.010126527373858,168.0671041685951
248,13.08561574806357,0.324443095253903,-12.76117265280967,0.05986993305556641,0.922033308416545,0.07424227519500574,1.005343943963442,243.9406020845221
249,0.8470986628557219,0.2994084672470273,-0.5476901956086946,0.2930952288676962,0.6358113484080063,0.4833684258826548,1.012958320835668,142.1777855754592
250,0.9043725110346725,2.729813118110707,1.825440607076035,0.827761888061407,0.1284000070361122,5.602819261162701,1.028067955519864,78.9648052095479
251,3.280483969429925,0.3933811269066045,-2.88710284252332,0.1777883179579447,0.7767930080685019,0.2520867508089039,1.014790324542369,129.3737255748398
252,8.301644387271343,0.8278011990665666,-7.473843188204777,0.1188443559984157,0.8423411050478885,0.1572375892815431,1.000195197478622,481.3997777329943
253,5.754898307412458,2.812937384091122,-2.941960923321336,0.4266667362760666,0.5088472628339633,0.8675851079589398,1.017461246388372,114.4469574653801
254,0.5590802233738271,0.6589954749572374,0.0999152515834103,0.6303505673086454,0.3081321367867845,1.988028227152137,1.013688201667448,136.7759099705166
255,1.438436091208272,0.6266017238574402,-0.8118343673508315,0.5070507710857053,0.430318994940846,1.199167082059173,1.01231569810077,147.3106018809863
256,2.043179871751932,1.337147720573055,-0.7060321511788772,0.6390791134534031,0.3031242572498882,2.064301133475376,1.015537658625786,124.8061722387688
257,3.124988952880998,0.6558839819863546,-2.469104970894644,0.311463443352519,0.6259385073335439,0.5273640485124298,1.008095878059611,193.5190069239948
258,1.996895099586032,0.9929162554331181,-1.003978844152914,0.616919064943429,0.3242113433382282,1.877448770276959,1.011716589431165,152.4510743570565
259,8.971122432192185,22.30888376681191,13.33776133461972,0.6587173319603936,0.2708684533926106,2.250169842125763,1.022534181929929,94.06697771687837
260,0.8167710882760042,3.634265097308811,2.817494009032807,0.8788089158657109,0.0868636264861197,8.453843937666189,1.030678099746243,73.46724426322504
261,0.590881841967857,0.3620578897788528,-0.2288239521890042,0.3678303482506279,0.5595871545847454,0.678335205901241,1.012340036168097,147.1092796333029
262,0.9936378531221592,0.9725041308281673,-0.02113372229399191,0.6607009581972217,0.2800444844722751,2.27014054820344,1.013252991175279,139.9449518114046
263,1.556882364199057,0.9016682672023822,-0.6552140969966748,0.6178774565455087,0.3219826043423906,1.885081506313163,1.011914276128312,150.7146546186594
264,1.989818843148224,0.6469959680078381,-1.342822875140385,0.5108070325342088,0.4279631094659607,1.217326580896212,1.011042477111882,158.6938189121275
265,6.68454494785414,0.317432797582861,-6.367112150271279,0.09831544600594196,0.8728577790466835,0.127115223668442,1.013041875690817,141.5372534370596
266,0.9689567337005365,0.8042868623066296,-0.1646698713939069,0.6520508439400965,0.2879558638524711,2.184721669566463,1.012368385455314,146.8754878518739
267,14.89036931100641,9.56617852481383,-5.324190786192583,0.3369720379653511,0.6233551453560376,0.5925056043027597,1.010894547722447,160.1345463015446
268,1.911112892044505,0.3129384243115195,-1.598174467732985,0.2731233980644781,0.6624735772706646,0.4380550187125003,1.013894504016433,135.3246667656475
269,9.809824758281133,0.3587632280434367,-9.451061530237697,0.05603357350234554,0.923619097787357,0.069202568574076,1.006657012908229,216.9157291582626
270,1.238907736991222,0.3258217487943186,-0.9130859881969029,0.3075248633150304,0.6236264070661758,0.5177337681703698,1.013206922148392,140.289271500689
271,0.5777257803173076,0.3063405617861147,-0.2713852185311929,0.3312613055434398,0.5919726449571002,0.57749030627256,1.011175980483236,157.4161961961003
272,0.560579345876177,0.326049268450492,-0.2345300774256849,0.3684224831406517,0.5525511645202867,0.6800641891653523,1.009992628661182,169.5332195308287
273,0.4404066193928603,0.311737351228394,-0.1286692681644663,0.3612370786557274,0.5579655293838643,0.6592999843865117,1.009758095076557,172.1652887949312
274,0.5612230320770268,0.3492770864443807,-0.2119459456326462,0.3894487170206511,0.5329017252784662,0.7436328589606421,1.010101443201764,168.3397841707131
275,1.911112892044505,0.3129384243115195,-1.598174467732985,0.2731233980644781,0.6624735772706646,0.4380550187125003,1.013894504016433,135.3246667656475
276,0.7216015398323641,0.3497006836534514,-0.3719008561789127,0.3627273221217479,0.5634650084062273,0.663567967291165,1.011675583775862,152.8164076135876
277,0.4823528262086353,0.3223874622258928,-0.1599653639827425,0.3705292366583727,0.5494712953605341,0.6862421044013927,1.009804056455694,171.6429190162002
278,0.5856985148440439,1.122708196548361,0.5370096817043166,0.7689220919287703,0.181349586311116,3.87930882146131,1.016270519115551,120.6386213487645
279,0.8219335674005748,0.8565054379491436,0.03457187054856881,0.660192091760245,0.2797270603070201,2.264995160139502,1.012863990711943,142.9081173108101
280,5.383362203805573,17.76844874974971,12.38508654594414,0.8109150845101591,0.1374245984093231,4.999757468779684,1.022520009809231,94.11345004585662
281,4.414906235524656,21.72796530653743,17.31305907101277,0.8939632537691402,0.06690879299069913,9.828646540801653,1.016044647275325,121.8921556502292
282,15.54964815443141,0.3571946670078425,-15.19245348742356,0.02788862020116176,0.9614662359508781,0.03344578881941142,1.001985636168876,359.1984841425238
283,0.758427657968373,0.6236243561813363,-0.1348033017870367,0.5809138390927151,0.355648253850129,1.615990656745082,1.013344272568216,139.2678201943885
284,1.008161735850382,3.830177965853879,2.822016230003497,0.8546019903737256,0.1063685956641608,6.852292307233826,1.031142262183613,72.57276524590988
285,3.050723902026552,0.711897190838181,-2.33882671118837,0.339884892815116,0.5921692089222127,0.600264461700793,1.008518431978709,187.5933053839597
286,2.826733612217145,0.3792410770085085,-2.447492535208637,0.1569979626111427,0.8017889395723135,0.2171180024724698,1.014799772484683,129.3138308653501
287,4.539539804763214,0.357856352713475,-4.181683452049739,0.1520509771339977,0.8072763449735296,0.2090498757742424,1.013980776553628,134.7271280633824
288,1.932346325709385,0.3548941389234329,-1.577452186785952,0.304888198119397,0.6311459047793962,0.5113478024628897,1.013869983156116,135.4954991385179
289,0.7214387093692085,0.3469491604609026,-0.3744895489083059,0.3597682426845858,0.5662918785654554,0.655112754249462,1.011651700157015,153.0300234874757
290,0.8446508205294257,0.353462536791482,-0.4911882837379437,0.339400103062758,0.5907450836280754,0.5989683999324209,1.013319343681717,139.4520749897736
291,0.9240997424004718,0.5965470204698677,-0.327552721930604,0.549724931438106,0.3863810304827771,1.423305000629927,1.013106285677558,141.0475186004694
292,1.910744118186176,0.3098059597429118,-1.600938158443264,0.2696087758136866,0.6659477743024491,0.430337230423447,1.013847511804963,135.6524430613106
293,0.5009655431951128,0.9287717171718398,0.427806173976727,0.7577408906690015,0.1902699759060185,3.646456611681892,1.015246682295269,126.544496378057
294,1.330644494075963,0.3036916799069507,-1.026952814169013,0.2864933955661919,0.6447118818202391,0.4681090740640702,1.013108983356374,141.0270830360807
295,1.383840302672862,0.6214169410749489,-0.7624233615979129,0.5243615140566277,0.4127531386928712,1.285240088142264,1.012362920945255,146.9204933848306
296,12.6169325449318,0.3634989007754885,-12.25343364415632,0.04496029801078384,0.9387537973214972,0.05488304486092068,1.004183839594395,274.2385390370587
297,0.5610909509272763,0.3466875214336725,-0.2144034294936038,0.3864618413570774,0.5357006620780823,0.7343371212736396,1.010071795490329,168.6632420367653
298,1.819309183943368,0.6557263868205572,-1.163582797122811,0.5180361083938106,0.4201111196922831,1.253071845564743,1.011178421433619,157.393032532586
299,1.238557095610667,0.3126294873157794,-0.9259276082948873,0.2968401233372074,0.6340406892948356,0.4921516715907747,1.013139284414641,140.7979625650679
300,0.5582945286297968,0.3465200444884046,-0.2117744841413922,0.3780016435207778,0.5453324882603627,0.7084919064963422,1.01064380647214,162.6387759181366
301,0.590881841967857,0.3620578897788528,-0.2288239521890042,0.3678303482506279,0.5595871545847454,0.678335205901241,1.012340036168097,147.1092796333029
302,1.156369600330389,1.132098440515358,-0.02427115981503092,0.6869775737016435,0.2555235556855981,2.558571446202535,1.016440254159923,119.7140056592211
303,0.5730393863996042,0.6063270789364414,0.03328769253683728,0.5844015277487711,0.3516505193012205,1.639335496063278,1.013585243607845,137.5122178167248
304,5.309398996576745,0.8144938713937669,-4.494905125182978,0.2785627387645188,0.6623831197168735,0.4501475563068167,1.005077064243652,250.2935225990137
305,3.038486501600879,6.361178642832408,3.322692141231528,0.717619392960308,0.2243976918688355,2.962714080596185,1.035544314056259,65.10781055349872
306,4.859334929668565,4.473942193118952,-0.3853927365496128,0.4602962113648545,0.4866356551316939,0.9942884075418806,1.015749039464811,123.5739188832544
307,1.703341857198348,8.666067292043882,6.962725434845535,0.9036578785965521,0.06442521783983754,10.93498714423486,1.033847009695612,67.78567525321328
308,8.187147046504702,1.328753948753129,-6.858393097751573,0.2971078536782296,0.6477445094486478,0.4927831889042432,1.004172707614926,274.5663405112538
309,0.6323982551149658,0.987674321256435,0.3552760661414691,0.7339182325703083,0.2112700473065569,3.21560727623944,1.015941746163888,122.4721931968465
310,4.859334929668564,4.473942193118949,-0.3853927365496146,0.4602962113648545,0.4866356551316938,0.9942884075418806,1.015749039464811,123.5739188832559
311,4.859334929668554,4.473942193118955,-0.3853927365495995,0.4602962113648545,0.4866356551316937,0.9942884075418806,1.015749039464811,123.5739188832554
312,0.5549262746122358,0.3532782766139356,-0.2016479979983002,0.3934598216846338,0.5291241309421021,0.7562602233773572,1.010126527373858,168.0671041685951
313,4.539539804763214,0.357856352713475,-4.181683452049739,0.1520509771339977,0.8072763449735296,0.2090498757742424,1.013980776553628,134.7271280633824
314,9.62640632773285,5.199925779387653,-4.426480548345197,0.55534674086861,0.3996940203220456,1.456039611394624,1.023992056888297,89.52907454888759
315,2.663467788286684,0.8446895938026955,-1.818778194483988,0.4906464975328103,0.4499778123591389,1.123000238758508,1.010158543148331,167.7203834568816
316,0.5364823089950936,0.3257483623989595,-0.2107339465961341,0.3452031591115963,0.5795552744593737,0.6146085937482721,1.011674603913111,152.8251595086793
317,2.970296864342754,2.453397894750299,-0.5168989695924542,0.6687769636581467,0.2793386269306266,2.353917369700562,1.02536530332112,85.65303835799345
318,0.7452008376896732,0.6498240324550186,-0.09537680523465453,0.5982032123198958,0.3391963859475988,1.735692244747167,1.013472382177834,138.3287743432222
319,11.75780991769506,0.8288038623835249,-10.92900605531153,0.1067043868151589,0.8592406891253379,0.1392571541249427,0.9991343442698414,603.58965750065
320,4.18310778090712,1.499812344712927,-2.683295436194193,0.3971606122740906,0.5351835544001944,0.7680597275680567,1.012654861282364,144.5550721813358
321,0.7214387093692085,0.3469491604609026,-0.3744895489083059,0.3597682426845858,0.5662918785654554,0.655112754249462,1.011651700157015,153.0300234874757
322,1.332123855041258,0.3163813512765555,-1.015742503764703,0.2967760659869428,0.6346801754555903,0.4920006456019697,1.013191790979918,140.40274200533
323,9.659753988886827,0.3342799547183862,-9.32547403416844,0.05104947416461268,0.9299609502032926,0.06271597013810154,1.007295400986013,205.8600474401693
324,5.390498419592119,0.3106788494054256,-5.079819570186694,0.1062899628186971,0.8622824939175757,0.1386519756115251,1.014816621938143,129.2071563568233
325,1.674984412207241,5.865828418992853,4.190844006785612,0.8478436870004696,0.1128457152009993,6.496153181807265,1.037433675139522,62.37891029464595
326,1.9052512342544,0.2798254486681389,-1.625425785586261,0.2464455504255407,0.6888135856103543,0.3812736440391946,1.013600519903123,137.4024542145798
327,4.748099010828263,2.871712474447882,-1.87638653638038,0.4939591003690024,0.4396611831219865,1.137983104772889,1.017138368685204,116.0601031088622
328,1.9052512342544,0.2798254486681389,-1.625425785586261,0.2464455504255407,0.6888135856103543,0.3812736440391946,1.013600519903123,137.4024542145798
329,1.320626535543152,1.135307904126865,-0.1853186314162869,0.5936144764689716,0.3458909131057003,1.702929610639891,1.013653788174421,137.0211153503226
330,4.584549218832281,0.3487143911277171,-4.235834827704564,0.2432338077781674,0.7033764431173386,0.3747077356300025,1.0129734529107,142.061341641463
331,0.6808538203522346,0.6041553639632172,-0.0766984563890174,0.5826138187069777,0.3537300351307681,1.627320731352829,1.013399023897328,138.8648927536424
332,1.950002968286833,0.6073248352289599,-1.342678133057873,0.4917076589535965,0.4466956696763118,1.127778600586042,1.01115436105591,157.6216614458914
333,8.198814558623297,8.714299158440127,0.5154845998168298,0.5031683656305402,0.4313466767100683,1.180686319007416,1.028144925266872,78.79030042780686
334,0.4835498503020957,0.3334987340534724,-0.1500511162486234,0.3803933403883305,0.5402797239217521,0.7157267853450975,1.009839344452425,171.2440507574077
335,2.159469163392212,0.3231362151688503,-1.836332948223362,0.1342046973715053,0.8263517401104392,0.1807103114107169,1.016114554411061,121.5013235158093
336,1.917692367569857,0.3217156232193065,-1.595976744350551,0.2801136146469317,0.6555824756141974,0.453628884404982,1.01392024217203,135.1458297640618
337,2.192939030251763,0.3378094945704713,-1.855129535681292,0.1622831398423146,0.7929854081871491,0.2258429759868602,1.016074727798939,121.7236658188389
338,1.520430590180014,1.437087328289208,-0.08334326189080543,0.6373475108038376,0.3040254171087032,2.048877879652613,1.013813419554206,135.8912648837429
339,19.28941908539471,0.7210380871544947,-18.56838099824021,0.07532925310215434,0.906552392672355,0.09497449334355917,0.9979686685893081,838.1280688223831
340,0.4835498503020957,0.3334987340534724,-0.1500511162486234,0.3803933403883305,0.5402797239217521,0.7157267853450975,1.009839344452425,171.2440507574077
341,9.271416297212633,10.12083309848487,0.8494168012722341,0.3930172785590726,0.545567943156426,0.7548588620181788,1.025041979779001,86.53374318922189
342,1.917692367569857,0.3217156232193065,-1.595976744350551,0.2801136146469317,0.6555824756141974,0.453628884404982,1.01392024217203,135.1458297640618
343,9.707136046168284,11.71336642856287,2.006230382394584,0.4877087354656391,0.4611992567495412,1.109874891149318,1.018259199936018,110.6522947770006
344,0.7425006370109573,1.974936757391879,1.232436120380922,0.8078608765263194,0.1447973226658347,4.901750634425472,1.025057333286952,86.49149316366737
345,1.917692367569857,0.3217156232193065,-1.595976744350551,0.2801136146469317,0.6555824756141974,0.453628884404982,1.01392024217203,135.1458297640618